{
  "machines": [
    {
      "id": "cotton",
      "name": "Cotton Candy Machine",
      "errors": [
        {
          "id": "1",
          "ua": "Обірваний ланцюг термопари",
          "fix": "1. Ця тривога виникає лише у машинах із вимірюванням температури через вугільні щітки.\n2. Перепідключіть дроти термопари.\n3. Очистіть вугільні щітки.\n4. Переконайтеся, що термопара проводить струм.\n5. Перевірте, чи працює вихід температурного передавача належним чином.\n6. У машинах із бездротовим вимірюванням температури ця тривога не виникає.",
          "steps": "4. Метод перевірки провідності дроту термопари: використовуйте мультиметр у режимі перевірки провідності, підключивши його до контактів 2 і 3 температурного передавача. Якщо мультиметр подає звуковий сигнал – з'єднання є, якщо ні – проблема у термопарі або її проводах.\n\n5. Метод перевірки виходу температурного передавача:\nВипадок 1: Якщо термопара справна, але температура пальника на екрані показує \"399\", необхідно замінити температурний передавач.\n\nВипадок 2: Якщо термопара справна, але температура на екрані \"0\", встановіть мультиметр у режим \"DC 200V\" і підключіть щупи до контактів 11 і 12 передавача.\n\n- Якщо виміряна напруга = 0V:\n  Відключіть сусідній передавач і поміняйте їх місцями, потім перевірте, чи змінилося відображення температури на екрані.\n  - Якщо температура не змінилася – очистіть вугільні щітки пальника та контактні кільця.\n  - Якщо температура змінилася – передавач несправний, його необхідно замінити.\n\n- Якщо виміряна напруга > 0V:\n  Перевірте з'єднання температурного передавача з PLC. Якщо проводка справна, проблема в PLC, його необхідно замінити."
        },
        {
          "id": "2",
          "ua": "Аномалія нагріву пальника",
          "fix": "Тривогу скасовано",
          "steps": ""
        },
        {
          "id": "3",
          "ua": "Аварійна зупинка активована",
          "fix": "Тривогу скасовано",
          "steps": ""
        },
        {
          "id": "4",
          "ua": "Аномалія обертання пальника",
          "fix": "1. Переконайтеся, чи пальник обертається під час спрацьовування тривоги.\n2. Якщо пальник обертається, перевірте його функцію нагріву.\n3. Якщо пальник не обертається, перевірте плату регулювання швидкості та двигун пальника.",
          "steps": "Метод перевірки функції нагрівu пальника:\n1. Увійдіть у режим налагодження, натисніть кнопку \"Нагрів пальника та запуск\", спостерігайте, чи підвищується температура пальника на екрані.\n2. Якщо температура підвищується – нагрів працює нормально, необхідно очистити вугільні щітки.\n3. Якщо температура не підвищується – перевірте, чи світиться індикатор нагрівального реле:\n   - Якщо твердотільне реле світиться:\n     - Використовуйте мультиметр у режимі перевірки провідності, виміряйте між OUT+ та OUT-.\n     - Якщо немає провідності – замініть твердотільне реле.\n     - Якщо є провідність – замініть електромагнітну нагрівальну пластину.\n   - Якщо твердотільне реле не світиться:\n     - Перевірте параметри налаштувань, чи встановлена температура пальника приблизно 2000°C.\n     - Використовуйте мультиметр у режимі DC, виміряйте напругу між IN+ та IN-.\n     - Якщо є 24V, але реле не світиться – замініть реле.\n     - Якщо немає напруги – перевірте проводку, якщо вона справна, замініть PLC.\n\n---\n\nМетод перевірки функції обертання пальника:\n1. У режимі налагодження натисніть кнопку \"Низькошвидкісне обертання пальника\", перевірте, чи починає пальник обертатися.\n   - Якщо пальник обертається – функція працює, але може знадобитися очищення вугільних щіток (можливе засмічення або зношення).\n   - Якщо пальник не обертається, проведіть подальшу перевірку:\n     1. Відкрийте електричний шафу, використовуйте мультиметр (DC 200V) для вимірювання напруги в наступних точках:\n        - Зелений маркер (правий верхній кут плати регулювання) – перевірити наявність 24V вхідної напруги.\n        - Жовтий маркер (сигнальний провід) – перевірити наявність сигнальної напруги.\n        - Червоний маркер (лівий верхній кут плати) – перевірити вихідну напругу.\n     2. Аналіз результатів:\n        - Якщо є вихідна напруга, але пальник не обертається – проблема у двигуні пальника, його необхідно замінити.\n        - Якщо немає вихідної напруги, але є вхідний сигнал – плата регулювання швидкості несправна, її потрібно замінити.\n        - Якщо немає сигнальної напруги, виміряйте вихід PLC.\n        - Якщо PLC не подає вихідний сигнал – висока ймовірність його несправності, необхідно замінити PLC."
        },
        {
          "id": "5",
          "ua": "Відсутність стрижнів у коробці",
          "fix": "Тривогу скасовано",
          "steps": ""
        },
        {
          "id": "6",
          "ua": "Аномалія виявлення відсутності стрижнів у коробці",
          "fix": "1. Переконайтеся, що в коробці ще є стрижні.\n2. Перевірте, чи немає заклинювання стрижнів.\n3. Перевірте, чи датчик працює нормально.",
          "steps": "2. Вийміть заклинений стрижень і перезапустіть машину.\n3. Якщо стрижень стоїть у правильному положенні, але чорний датчик не спрацьовує, після очищення його поверхні без ефекту необхідно замінити чорний датчик."
        },
        {
          "id": "7",
          "ua": "Резервна аномалія",
          "fix": "Тривогу скасовано",
          "steps": ""
        },
        {
          "id": "8",
          "ua": "Аномалія виявлення продування повітряним насосом",
          "fix": "1. Увійдіть у режим налагодження, активуйте повітряний насос вручну та перевірте, чи він працює.\n2. Переконайтеся, що сигнальний кабель датчика повітряного насоса підключений правильно.",
          "steps": "Детальні кроки перевірки:\n1. Переконайтеся, що синій драйвер у зоні цукрового контейнера світиться зеленим.\n   - Якщо драйвер світиться, від'єднайте реле повітряного насоса та перевірте його роботу:\n     - Якщо насос не працює – замініть його.\n     - Якщо насос почав працювати після відключення реле, поміняйте місцями це реле з сусіднім і повторіть тест.\n   - Якщо драйвер не світиться, мультиметром (режим DC) виміряйте вихідну напругу між V+ і V- на блоці живлення насоса:\n     - Якщо є напруга – замініть повітряний насос.\n     - Якщо напруги немає – замініть блок живлення.\n2. Повторно перевірте та надійно закріпіть усі підключення драйвера."
        },
        {
          "id": "9",
          "ua": "Аномалія зволоження або нестача води в резервуарі",
          "fix": "1. Перевірте, чи є вода в резервуарі.\n2. Переконайтеся, що насос зволоження працює нормально.\n3. Перевірте, чи правильно встановлені параметри вологості.\n\nДетальні кроки перевірки:",
          "steps": "Внутрішнє зволоження:\n- Увімкніть машину. Якщо рівень вологості на екрані нижче 48%, натисніть кнопку \"Внутрішнє зволоження\" та доторкніться до насоса, щоб перевірити його вібрацію:\n  1. Якщо насос вібрує, від'єднайте клапан нижнього трубопроводу та перевірте подачу води. Якщо вода не подається – замініть насос.\n  2. Якщо насос не вібрує, виміряйте напругу на клемах насоса (напрямок зазначений стрілкою):\n     - Якщо є напруга – замініть насос.\n     - Якщо напруги немає, перевірте:\n       - Чи проводиться сигнал між вихідними клемами OUT+ та OUT- твердотільного реле зволоження.\n       - Чи є 24V між IN+ та IN-.\n\nПарове зволоження:\n- Підключіть віддалений модуль та зверніться до інженера сервісної підтримки для оновлення прошивки.\n\nКоригування параметрів зволоження:\n- Увійдіть у налаштування вологості, на сторінці регулювання натисніть \"Коригування параметрів для зимового режиму\" у правому нижньому куті."
        },
        {
          "id": "10",
          "ua": "Попередження: заповнена ємність для стічної води",
          "fix": "1. Перевірте рівень стічної води в ємності.\n2. Очистіть ємність, якщо вона заповнена.\n3. Перевірте, чи працює насос відкачування стічної води.",
          "steps": "Детальні кроки перевірки:\n1. Відкрийте панель доступу до ємності стічної води.\n2. Перевірте рівень води візуально.\n3. Якщо рівень високий:\n   - Відключіть живлення машини.\n   - Відкрийте клапан спуску води.\n   - Дочекайтеся повного спуску води.\n   - Закрийте клапан.\n   - Увімкніть живлення.\n4. Якщо рівень нормальний, але тривога не зникає:\n   - Перевірте датчик рівня води.\n   - Очистіть датчик від забруднень.\n   - Перевірте підключення датчика."
        },
        {
          "id": "11",
          "ua": "Попередження: нестача білого цукру",
          "fix": "1. Перевірте рівень білого цукру в контейнері.\n2. Додайте цукор, якщо рівень низький.\n3. Перевірте, чи працює механізм подачі цукру.",
          "steps": "Детальні кроки перевірки:\n1. Відкрийте контейнер з білим цукром.\n2. Перевірте рівень цукру візуально.\n3. Якщо рівень низький:\n   - Додайте новий цукор до позначки MAX.\n   - Переконайтеся, що цукор рівномірно розподілений.\n4. Якщо рівень нормальний, але тривога не зникає:\n   - Перевірте датчик рівня цукру.\n   - Очистіть датчик від забруднень.\n   - Перевірте підключення датчика."
        },
        {
          "id": "12",
          "ua": "Попередження: нестача червоного цукру",
          "fix": "1. Перевірте рівень червоного цукру в контейнері.\n2. Додайте цукор, якщо рівень низький.\n3. Перевірте, чи працює механізм подачі цукру.",
          "steps": "Детальні кроки перевірки:\n1. Відкрийте контейнер з червоним цукром.\n2. Перевірте рівень цукру візуально.\n3. Якщо рівень низький:\n   - Додайте новий цукор до позначки MAX.\n   - Переконайтеся, що цукор рівномірно розподілений.\n4. Якщо рівень нормальний, але тривога не зникає:\n   - Перевірте датчик рівня цукру.\n   - Очистіть датчик від забруднень.\n   - Перевірте підключення датчика."
        },
        {
          "id": "13",
          "ua": "Попередження: нестача жовтого цукру",
          "fix": "1. Перевірте рівень жовтого цукру в контейнері.\n2. Додайте цукор, якщо рівень низький.\n3. Перевірте, чи працює механізм подачі цукру.",
          "steps": "Детальні кроки перевірки:\n1. Відкрийте контейнер з жовтим цукром.\n2. Перевірте рівень цукру візуально.\n3. Якщо рівень низький:\n   - Додайте новий цукор до позначки MAX.\n   - Переконайтеся, що цукор рівномірно розподілений.\n4. Якщо рівень нормальний, але тривога не зникає:\n   - Перевірте датчик рівня цукру.\n   - Очистіть датчик від забруднень.\n   - Перевірте підключення датчика."
        },
        {
          "id": "14",
          "ua": "Попередження: нестача синього цукру",
          "fix": "1. Перевірте рівень синього цукру в контейнері.\n2. Додайте цукор, якщо рівень низький.\n3. Перевірте, чи працює механізм подачі цукру.",
          "steps": "Детальні кроки перевірки:\n1. Відкрийте контейнер з синім цукром.\n2. Перевірте рівень цукру візуально.\n3. Якщо рівень низький:\n   - Додайте новий цукор до позначки MAX.\n   - Переконайтеся, що цукор рівномірно розподілений.\n4. Якщо рівень нормальний, але тривога не зникає:\n   - Перевірте датчик рівня цукру.\n   - Очистіть датчик від забруднень.\n   - Перевірте підключення датчика."
        },
        {
          "id": "15",
          "ua": "Перевищення часу на скидання помилки обладнання",
          "fix": "Аномалія скидання через заклинювання стрижнів:\n1. Перевірте, чи є стрижні в коробці.\n2. Відкрийте дверцята та визначте, де саме застряг стрижень.\n\nАномалія скидання через несправність маніпулятора:\n1. Перевірте, чи правильно встановлені параметри.\n2. Переконайтеся, що на драйвері не горить червоний індикатор.\n3. Поміняйте місцями драйвери несправної осі та іншої осі, а також їхні позиції перемикання.",
          "steps": "Додаткові перевірки:\n- Якщо маніпулятор перебуває у положенні захоплення стрижня, перевірте за інструкцією щодо помилки \"Відсутність стрижня\".\n- Якщо маніпулятор застряг або його рухи некоректні:\n  1. Увійдіть у сервісне меню та перевірте версії PLC та прошивки машини. Якщо хоча б одна з версій = 0, підключіть віддалений модуль і зверніться до інженера сервісної підтримки для оновлення.\n  2. Переконайтеся, що всі драйвери світяться зеленим. Якщо є червоний індикатор, поміняйте місцями драйвери та їхні позиції.\n     - Якщо після заміни той самий драйвер продовжує горіти червоним – несправний сам драйвер.\n     - Якщо після заміни той самий механізм не працює – несправний маніпулятор.\n  3. Якщо версія прошивки нормальна, драйвери працюють, зайдіть у меню налагодження та утримуйте кнопки X+, X-, Y+, Y-, Z+, Z-, спостерігаючи за рухом маніпулятора:\n     - Якщо при натисканні Z- немає реакції, поміняйте місцями драйвери осей Z та Y, після чого перезавантажте машину та перевірте рухи.\n     - Якщо маніпулятор працює так само, як і до заміни, то, швидше за все, проблема в ньому – його необхідно замінити.\n     - Якщо після заміни поведінка змінилася, то, ймовірно, несправний драйвер."
        },
        {
          "id": "16",
          "ua": "Аномалія повторного захоплення стрижня",
          "fix": "Тривогу скасовано",
          "steps": ""
        },
        {
          "id": "17",
          "ua": "Перевірка живлення",
          "fix": "1. Недостатній заряд UPS.\n2. Несправність реле мережевого живлення.",
          "steps": "Методи усунення:\n1. Обхід білого UPS (зверніться до сервісного інженера для отримання відеоінструкції).\n2. Замкніть контакти реле мережевого живлення."
        },
        {
          "id": "18",
          "ua": "Аномалія видачі решти, не видано: не вдалося видати повну суму протягом 20 секунд",
          "fix": "Методи усунення:",
          "steps": "1. Перейдіть у меню → Інше → Налаштування видачі решти → Видача монет.\n   - Якщо монети видаються – ймовірно, це помилкове спрацьовування або заклинювання механізму видачі.\n   - Якщо монети не видаються, вийміть усі монети та повторно натисніть \"Видача монет\".\n     - Якщо після цього механізм обертається – необхідно замінити пристрій видачі решти."
        },
        {
          "id": "19",
          "ua": "Попередження про решту: поповніть запас монет",
          "fix": "Попереджувальний рівень встановлений у налаштуваннях Android-екрану.",
          "steps": "Додайте монети."
        },
        {
          "id": "20",
          "ua": "Стрижнів менше 20%, поповніть матеріали заздалегідь",
          "fix": "У розширених параметрах вимкнено функцію автоматичного поповнення. Якщо ця функція потрібна, після додавання матеріалів необхідно на сторінці вибору натискати й утримувати верхній лівий кут для завершення поповнення.",
          "steps": ""
        },
        {
          "id": "21",
          "ua": "Білий цукор менше 20%, поповніть заздалегідь",
          "fix": "",
          "steps": ""
        },
        {
          "id": "22",
          "ua": "Червоний цукор менше 20%, поповніть заздалегідь",
          "fix": "",
          "steps": ""
        },
        {
          "id": "23",
          "ua": "Жовтий цукор менше 20%, поповніть заздалегідь",
          "fix": "",
          "steps": ""
        },
        {
          "id": "24",
          "ua": "Попередження: заповнена ємність для стічної води",
          "fix": "Тривогу скасовано",
          "steps": ""
        },
        {
          "id": "25",
          "ua": "Синій цукор менше 20%, поповніть заздалегідь",
          "fix": "",
          "steps": ""
        },
        {
          "id": "26",
          "ua": "Чиста вода менше 20%, поповніть заздалегідь",
          "fix": "",
          "steps": ""
        },
        {
          "id": "27",
          "ua": "Аномалія нагріву пальника (D)",
          "fix": "1. Перевірте, чи працює нагрів пальника.",
          "steps": "Метод перевірки функції нагріву пальника:\n1. Увійдіть у режим налагодження, натисніть \"Нагрів пальника та запуск\", перевірте, чи підвищується температура на екрані.\n2. Якщо температура підвищується – нагрів працює нормально, очистіть вугільні щітки.\n3. Якщо температура не підвищується, перевірте індикатор нагрівального реле:\n   - Якщо твердотільне реле світиться:\n     - Використовуйте мультиметр у режимі перевірки провідності, виміряйте між OUT+ та OUT-.\n     - Якщо немає провідності – замініть твердотільне реле.\n     - Якщо є провідність – замініть електромагнітну нагрівальну пластину.\n   - Якщо твердотільне реле не світиться:\n     - Перевірте параметри налаштувань, чи встановлена температура пальника ≈2000°C.\n     - Використовуйте мультиметр у режимі DC, виміряйте напругу між IN+ та IN-.\n     - Якщо є 24V, але реле не світиться – замініть реле.\n     - Якщо напруги немає – перевірте проводку, якщо вона справна, замініть PLC."
        },
        {
          "id": "28",
          "ua": "Ненормальне значення температури",
          "fix": "Якщо бездротовий пальник показує температуру в діапазоні 376–384°C протягом 10 секунд, це вказує на несправність термопари.",
          "steps": "Методи усунення:\n1. Перевірте, чи не обірвана лінія вугільної щітки.\n2. Перевірте, чи не пошкоджений дріт термопари."
        },
        {
          "id": "29",
          "ua": "Розрив з'єднання приймальної плати",
          "fix": "Якщо бездротовий пальник показує температуру в діапазоні 395–399°C протягом 10 секунд, це вказує на несправність приймальної плати.",
          "steps": "Методи усунення:\n1. Повторно спаруйте пальник із приймальною платою.\n2. Зніміть гумову заглушку та перевірте індикатор на передавальній платі:\n   - Якщо є вхідна напруга, але індикатор не світиться – необхідно замінити пальник."
        },
        {
          "id": "30",
          "ua": "Аномально висока температура 300°C",
          "fix": "Якщо температура перевищує 300°C протягом 30 секунд, це вказує на перегрів.",
          "steps": "Методи усунення:\n1. Капніть трохи води на пальник і перевірте, чи вона випаровується, щоб визначити, чи температура дійсно перевищує 300°C.\n   - Якщо температура реальна, вимкніть живлення та виміряйте провідність між OUT+ та OUT- твердотільного реле нагріву.\n     - Якщо є провідність – замініть твердотільне реле.\n   - Якщо температура хибна, перевірте систему відповідно до інструкції з усунення несправності \"Обірваний ланцюг термопари\"."
        },
        {
          "id": "31",
          "ua": "Низька напруга в мережі",
          "fix": "Тривога спрацьовує, якщо:\n- Для машин 110V напруга опускається нижче 90V.\n- Для машин 220V напруга опускається нижче 200V.",
          "steps": "Методи усунення:\nЗверніться до обслуговуючого персоналу для вирішення проблеми з напругою.\n\nДіапазон робочої напруги:\n- Машини 110V: 90V – 130V\n- Машини 220V: 200V – 250V."
        },
        {
          "id": "32",
          "ua": "Надмірна напруга в мережі",
          "fix": "Тривога спрацьовує, якщо:\n- Для машин 110V напруга перевищує 130V.\n- Для машин 220V напруга перевищує 250V.",
          "steps": "Методи усунення:\nЗверніться до обслуговуючого персоналу для вирішення проблеми з напругою.\n\nДіапазон робочої напруги:\n- Машини 110V: 90V – 130V\n- Машини 220V: 200V – 250V"
        },
        {
          "id": "33",
          "ua": "Машина не підключена до заземлення",
          "fix": "1. Використовуйте фазовий тестер, щоб перевірити, чи підключене зовнішнє заземлення.\n2. Якщо на вході X12 PLC є сигнал протягом 5 секунд, на екрані з'явиться тривога.",
          "steps": "Методи усунення:\n- Якщо заземлення відсутнє – зверніться до обслуговуючого персоналу для виправлення.\n- Якщо заземлення є – виміряйте провідність між заземленням і мережевим кабелем машини.\n- Для тимчасового вимкнення тривоги перейдіть у розширені параметри та вимкніть оповіщення, після чого відключіть і знову підключіть живлення машини."
        },
        {
          "id": "34",
          "ua": "Аномалія зупинки обертання пальника",
          "fix": "1. Переконайтеся, що пальник обертається нормально.",
          "steps": "Метод перевірки функції обертання пальника:\n1. Увійдіть у режим налагодження, натисніть кнопку \"Низькошвидкісне обертання пальника\" та перевірте, чи починає він обертатися.\n   - Якщо пальник обертається – функція працює, але може знадобитися очищення вугільних щіток (можливе засмічення або зношення).\n   - Якщо пальник не обертається, необхідно провести додаткову діагностику:\n     1. Відкрити електричний шафу та мультиметром (DC 200V) виміряти напругу у таких точках:\n        - Правий верхній зелений контакт плати регулювання швидкості – перевірити 24V вхідної напруги.\n        - Нижній жовтий контакт (сигнальний провід) – перевірити наявність керуючого сигналу.\n        - Лівий верхній червоний контакт (вихід плати) – перевірити вихідну напругу.\n     2. Аналіз результатів:\n        - Якщо є вихідна напруга, але пальник не обертається – несправний сам пальник, його необхідно замінити.\n        - Якщо немає вихідної напруги, але є вхідний сигнал – плата регулювання швидкості несправна, її потрібно замінити.\n        - Якщо немає сигналу – виміряйте вихід PLC.\n        - Якщо PLC не подає вихідний сигнал – висока ймовірність його несправності, необхідно замінити PLC."
        },
        {
          "id": "35",
          "ua": "Аномалія приготування цукру: не виготовлено за 10 хвилин, перевірте систему",
          "fix": "1. Визначте, який параметр не підвищується.",
          "steps": "Метод перевірки:\n- Натисніть і утримуйте верхній лівий кут LOGO, щоб вийти зі сторінки приготування.\n- Перейдіть у режим налагодження, запустіть тестове виготовлення цукрової вати та спостерігайте, який показник на екрані не підвищується:\n  1. Якщо не зростає вологість, дотримуйтесь інструкцій NO.9.\n  2. Якщо не зростає температура, дотримуйтесь інструкцій NO.27."
        },
        {
          "id": "36",
          "ua": "Аномалія нагріву генератора",
          "fix": "Генератор не нагрівається.",
          "steps": "Метод перевірки:\n1. Увійдіть у режим налагодження та увімкніть перемикач нагріву генератора.\n2. Використовуйте мультиметр для вимірювання напруги:\n   - Режим DC: перевірте, чи є 24V між червоним і синім проводами реле генератора.\n   - Режим AC: перевірте, чи є 220V між білим проводом і синім клемним блоком 220V.\n3. Аналіз результатів:\n   - Якщо є напруга в режимі DC, але немає в режимі AC – замініть реле.\n   - Якщо в обох режимах є напруга, але нагріву немає – замініть генератор."
        },
        {
          "id": "37",
          "ua": "Аномалія датчика температури та вологості поза шафою",
          "fix": "На екрані відображається 6508 або 0.",
          "steps": "Методи усунення:\n1. Від'єднайте та знову підключіть роз'єм датчика температури та вологості поза шафою (знаходиться на даху шафи, біля модуля видачі стрижнів).\n2. Поміняйте місцями сигнальні дроти AD0, AD1 (зовнішній датчик) і AD8, AD9 (внутрішній датчик) на клемах PLC.\n   - Якщо значення залишаються такими ж – несправний PLC, його необхідно замінити.\n   - Якщо значення змінилися – несправний датчик температури та вологості, його необхідно замінити."
        },
        {
          "id": "38",
          "ua": "Аномалія перегріву генератора",
          "fix": "Температура генератора відображається як 399°C.",
          "steps": "Методи усунення:\n1. Поміняйте місцями температурні передавачі з сусіднім (достатньо замінити чорний блок, без від'єднання проводів).\n2. Спостерігайте, чи змінилося відображення температури:\n   - Якщо значення не змінилося – ймовірна несправність випарника.\n   - Якщо значення змінилося – ймовірна несправність температурного передавача, його потрібно замінити."
        }
      ]
    },
    {
      "id": "popcorn",
      "name": "Pop-corn Machine",
      "errors": [
        {
          "id": "1",
          "ua": "Сигнал тривоги для не вибухнутої кукурудзи",
          "fix": "1. Відсутність кукурудзи в завантажувальному контейнері.\n2. Кукурудза не подається через систему подачі.\n3. Генератор не набирає робочу температуру.",
          "steps": "1. Додайте кукурудзу.\n2. У «Debug» натисніть \"Feed Corn Forward\" і перевірте мотор; немає руху — перевірте живлення.\n3. Перевірте датчик температури та генератор."
        },
        {
          "id": "2",
          "ua": "Сигнал тривоги для блокування трубопроводу",
          "fix": "1. Низька швидкість повітряного потоку.\n2. Зношені або заклинені лопаті вентилятора / насос.",
          "steps": "1. Підніміть low-speed airflow у налаштуваннях.\n2. Замініть лопаті чи весь повітряний насос."
        },
        {
          "id": "3",
          "ua": "Сигнал тривоги для помилки скидання чашок (X4)",
          "fix": "1. Чашка нахилена або заклинена.\n2. Сторонній предмет чи знос механізму.\n3. Несправний двигун або датчик X4.",
          "steps": "1. Вирівняйте / звільніть чашку.\n2. Приберіть сторонні предмети, змастіть чи замініть компоненти.\n3. Замініть двигун або датчик X4, якщо не працює."
        },
        {
          "id": "4",
          "ua": "Сигнал тривоги для відсутньої чашки",
          "fix": "Порожній магазин або несправний датчик X7.",
          "steps": "Заповніть стакани, протестуйте / замініть X7."
        },
        {
          "id": "5",
          "ua": "Сигнал тривоги для блокування трубопроводу",
          "fix": "Дублікат №2 — та ж сама причина.",
          "steps": "Застосуйте дії з пункту №2."
        },
        {
          "id": "6",
          "ua": "Аномалія виявлення відсутності стрижнів у коробці",
          "fix": "Порожня коробка стрижнів або датчик не бачить паличок.",
          "steps": "1. Заповніть коробку стрижнями.\n2. Усуньте заклинювання, перезапустіть машину.\n3. Якщо датчик не реагує — очистіть / замініть його."
        },
        {
          "id": "7",
          "ua": "Сигнал тривоги для відсутності кукурудзи",
          "fix": "Контейнер пустий або шнек забитий.",
          "steps": "Заповніть кукурудзу, очистьте шнек-подачу."
        },
        {
          "id": "8",
          "ua": "Сигнал тривоги через недостатню кількість цукру",
          "fix": "Ємність порожня або неправильно зважена.",
          "steps": "1. Встановіть ємність на місце.\n2. Скиньте вагу, залийте сироп."
        },
        {
          "id": "9",
          "ua": "Сигнал тривоги через помилку подачі кукурудзи",
          "fix": "Мотор подачі заклинило, датчик не бачить руху.",
          "steps": "1. Приберіть сторонні предмети з мотора.\n2. Активуйте мотор вручну, перевірте реле та проводку."
        },
        {
          "id": "10",
          "ua": "Сигнал тривоги: проблема подачі чи охолодження чашки",
          "fix": "Датчик виходу не отримує сигнал або ліфт заклинило.",
          "steps": "Перевірте механізм ліфта, пружину та датчик виходу."
        },
        {
          "id": "11",
          "ua": "Сигнал тривоги: генератор не нагрівається",
          "fix": "Немає живлення 220 V або спалений нагрівач (30-40 Ω).",
          "steps": "1. Перевірте 220 V на вході.\n2. Виміряйте опір; обрив → заміна елемента."
        },
        {
          "id": "12",
          "ua": "Перегрів у зоні збереження тепла",
          "fix": "Залипло реле або датчик бреше.",
          "steps": "1. Перевірте твердотільне реле.\n2. Перевірте датчик і нагрівач (~30 Ω)."
        },
        {
          "id": "13",
          "ua": "Несправність механізму підйому чашок",
          "fix": "Заклинювання, обрив важеля або датчик X13 мертвий.",
          "steps": "Перевірте важіль, мотор, X13; замініть несправне."
        },
        {
          "id": "14",
          "ua": "Несправність підтримання температури цукру",
          "fix": "Нагрівач 200-300 Ω обірваний або реле не подає живлення.",
          "steps": "Перевірте ланцюг 220 V, замініть несправний елемент."
        },
        {
          "id": "15",
          "ua": "Сигнал тривоги генераторного повітряного насоса",
          "fix": "Насос не качає або драйвер не дає сигналу.",
          "steps": "1. Перезапустіть насос вручну.\n2. Якщо мовчить — замініть насос або драйвер."
        },
        {
          "id": "16",
          "ua": "Сигнал тривоги змішувального повітряного насоса",
          "fix": "Насос не крутить або драйвер мертвий.",
          "steps": "1. У «Debug» активуйте насос.\n2. Нема реакції — перевірте драйвер, напругу, замініть насос."
        },
        {
          "id": "17",
          "ua": "Сигнал тривоги: немає чистої води",
          "fix": "Рівень нижче датчика.",
          "steps": "Долийте воду у бак."
        },
        {
          "id": "18",
          "ua": "Сигнал тривоги: переповнений бак стоків",
          "fix": "Бак повний або датчик у сиропі.",
          "steps": "Злийте стоки, очистьте датчик."
        },
        {
          "id": "19",
          "ua": "Сигнал тривоги: відсутня чашка у змішувальній камері",
          "fix": "Чашка не дійшла або датчик не спрацював.",
          "steps": "Очистьте камеру, перезапустіть цикл."
        },
        {
          "id": "20",
          "ua": "Відсутність чашки у приймальнику",
          "fix": "Чашка застрягла перед сенсором.",
          "steps": "Скиньте помилку, дістаньте чашку, повторіть запуск."
        },
        {
          "id": "21",
          "ua": "Несправний датчик підйому чашки",
          "fix": "X13 не дає сигналу або обрив проводки.",
          "steps": "Перевірте X13, живлення, замініть несправне."
        },
        {
          "id": "22",
          "ua": "Перегрів модуля збереження тепла",
          "fix": "Реле застрягло або датчик завищує покази.",
          "steps": "Перевірте реле, датчик, замініть проблемний компонент."
        },
        {
          "id": "23",
          "ua": "Сторонній об'єкт у каналі охолодження",
          "fix": "Метал або сміття блокує вихід.",
          "steps": "Очистьте канал, перевірте датчик виходу."
        },
        {
          "id": "24",
          "ua": "Сигнал тривоги: відсутнє заземлення",
          "fix": "Землю від'єднано або обірвано.",
          "steps": "Перевірте та підключіть землю на живленні й модулі."
        },
        {
          "id": "25",
          "ua": "Сигнал тривоги: нестача монет",
          "fix": "Хопер порожній або монети заклинило.",
          "steps": "Досипте монети у ресайлер, перезапустіть приймач."
        }
      ]
    },
    {
      "id": "icecream",
      "name": "Ice Cream Machine",
      "errors": []
    }
  ]
}